<application>
  <component name="FindSettings">
    <option name="customScope" value="Changes" />
    <option name="defaultScopeName" value="Changes" />
    <option name="SEARCH_SCOPE" value="Changes" />
    <option name="FILE_MASK" value="!*.class,!*.story,!*.test.js,!*.ts.html,!Ant.log,!Ant.log.1,!Ant.log.2,!*.rpt" />
    <mask>*.JAVA</mask>
    <mask>*.spec.ts</mask>
    <mask>!*.class,!*.story,!*.csv</mask>
    <mask>!*.class,!*.story</mask>
    <mask>!*.class,!*.story,!*.test.js</mask>
    <mask>!*.class,!*.story,!*.test.js,!*.ts.html,*Form.java</mask>
    <mask>!*.class,!*.story,!*.test.js,!*.ts.html,!*mock*</mask>
    <mask>!*.class,!*.story,!*.test.js,!*.ts.html</mask>
    <mask>!*.class,!*.story,!*.test.js,!*.ts.html,!Ant.log</mask>
    <mask>!*.class,!*.story,!*.test.js,!*.ts.html,!Ant.log,!*rpt,*.jsp</mask>
    <mask>!*.class,!*.story,!*.test.js,!*.ts.html,!Ant.log,!*rpt,!.hgtags</mask>
    <mask>!*.class,!*.story,!*.test.js,!*.ts.html,!Ant.log,!*rpt,!.hgtags,!*.slp</mask>
    <mask>ApplicationConfig.properties</mask>
    <mask>ApplicationConfig.properties,BatchEntityIntegrationJob.java</mask>
    <mask>*.json</mask>
    <mask>!*.class,!*.story,!*.test.js,!*.ts.html,!*Ant.log*</mask>
    <mask>!*.class,!*.story,!*.test.js,!*.ts.html,!*Ant.log*,!*xml.rpt</mask>
    <mask>!*.class,!*.story,!*.test.js,!*.ts.html,!Ant.log,!*rpt</mask>
    <mask>!*.class,!*.story,!*.test.js,!*.ts.html,!Ant.log,!Ant.log.1,!Ant.log.2,!*rpt,*jsp</mask>
    <mask>!*.class,!*.story,!*.test.js,!*.ts.html,!Ant.log,!Ant.log.1,!Ant.log.2,!*rpt.,*popup.jsp</mask>
    <mask>!*.class,!*.story,!*.test.js,!*.ts.html,!Ant.log,!Ant.log.1,!Ant.log.2,!*rpt.</mask>
    <mask>!*.class,!*.story,!*.test.js,!*.ts.html,!Ant.log,!Ant.log.1,!Ant.log.2,!*rpt,*.jsp</mask>
    <mask>!*.class,!*.story,!*.test.js,!*.ts.html,!Ant.log,!Ant.log.1,!Ant.log.2,!*rpt</mask>
    <mask>*.css</mask>
    <mask>*.html</mask>
    <mask>*.xml</mask>
    <mask>*.jsp</mask>
    <mask>*.properties</mask>
    <mask>*.java</mask>
    <mask>!*.class,!*.story,!*.test.js,!*.ts.html,!Ant.log,!Ant.log.1,!Ant.log.2,!*.rpt</mask>
  </component>
</application>